"","book 1","book 2","book 3","book 4","book 5","book 6","book 7","book 8","book 9","book 10"
"0",Atlas Shrugg,The Reptile ,BAG OF BONES,House of Lea,Skeleton Cre,The Drawing ,Seize the Ni,The Eye of t,The Street L,The Bad Begi
"2",Blood Work,Chicken Soup,Charlotte's ,East of Eden,The Clan of ,The Rescue,The Saving G,The Five Peo,Nickel and D,c("The Kitch
"3",Blood Work,Harry Potter,Fortune's Ro,Seabiscuit: ,The Fourth H,Holes (Yearl,Lucky,Drums of Aut,Charlotte's ,East of Eden
"4",Peace Like a,The Nanny Di,The Chamber,The Giver (2,A Man Named ,Harry Potter,A Beautiful ,The Other Bo,The Time Tra,The Drawing 
"5",The Golden C,The Orchid T,The Surgeon,A Prayer for,The Book of ,The Saving G,The Fellowsh,Table For Tw,Skeleton Cre,Face the Fir
"6",c("The Kitch,Chicken Soup,The Surgeon,Charlotte's ,The Clan of ,Eats, Shoots,Table For Tw,Face the Fir,Little Altar,The Liar's C
"7",The Thief Lo,The Wedding,Deception Po,One Door Awa,The Purpose-,c("The Cat i,Angus, Thong,One Thousand,A Wrinkle In,The Color Pu
"8",Skeleton Cre,The Drawing ,The Eye of t,Fortune's Ro,The Clan of ,Seabiscuit,Me Talk Pret,Eats, Shoots,c("Harry Pot,Outlander
"9",Skeleton Cre,The Drawing ,The Eyes of ,Seize the Ni,The Eye of t,Empire Falls,The Thief Lo,The Killer A,The Grapes o,A Wrinkle in
"10",Peace Like a,A Man Named ,A Beautiful ,The Other Bo,The Time Tra,c("Gap Creek,Angela's Ash,The Red Tent,Outlander,Voyager
"11",The Bad Begi,The Reptile ,BAG OF BONES,Lucky : A Me,Where the Re,c("STONES FR,Dune (Rememb,The Catcher ,Tuesdays wit,Middlesex: A
"12",The Summons,Contact,Atlas Shrugg,Life of Pi,Perfume: The,The Guardian,Along Came a,The General',Chocolat,Hard Eight :
"13",Ender's Game,Eats, Shoots,One for the ,Bel Canto: A,The Purpose-,The Hobbit :,Message in a,Sea Swept (Q,Sanctuary,Jewels of th
"14",Dragonfly in,Skeleton Cre,The Drawing ,The Eyes of ,Seize the Ni,The Eye of t,The Thief Lo,Bridget Jone,Sisterhood o,The Notebook
"15",Jonathan Liv,Einstein's D,The Virgin B,Bookends : A,c("Harry Pot,Slaughterhou,The Worst-Ca,Seabiscuit: ,Harry Potter,The Red Tent
"16",The Surgeon,Charlotte's ,East of Eden,Fortune's Ro,Lamb : The G,The Clan of ,Face the Fir,Roses Are Re,Nine Stories,The Bonfire 
"17",The Reptile ,A Walk to Re,BAG OF BONES,c("The Kitch,The Chamber,A Man Named ,A Beautiful ,The Time Tra,Skeleton Cre,The Drawing 
"18",Atlas Shrugg,c("The Kitch,Chicken Soup,Reap the Win,House of San,It's Not Abo,Falling Ange,Ender's Game,Hot Six : A ,Seven Up (A 
"19",c("The Kitch,The Bad Begi,BAG OF BONES,Tears of the,The Notebook,The Guardian,Ellen Foster,It's Not Abo,Falling Ange,Ender's Game
"20",The Bad Begi,The Reptile ,A Walk to Re,BAG OF BONES,Skeleton Cre,The Drawing ,The Eyes of ,Seize the Ni,To the Nines,Seven Up (A 
"21",Beloved (Plu,The Chamber,A Man Named ,A Beautiful ,The Time Tra,Skeleton Cre,The Eyes of ,Seize the Ni,The Eye of t,Contact
"22",Empire Falls,Gone for Goo,Animal Dream,Secret Histo,Hunting Badg,The Idiot Gi,The Curious ,Where the He,The Hobbit: ,Life's Littl
"23",The Promethe,The Rescue,Skeleton Cre,The Drawing ,The Eyes of ,Seize the Ni,The Eye of t,To Kill a Mo,Chosen Prey,Deception Po
"24",Peace Like a,The Princess,Little Altar,Bridget Jone,Perfume: The,Fahrenheit 4,The Virgin S,Harry Potter,c("Lonesome ,Schindler's 
"25",Where the Re,c("Harry Pot,Fortune's Ro,Good Omens,Jitterbug Pe,Watership Do,Flowers for ,Middlesex: A,Good in Bed,Nickel and D
"26",Love in the ,The Godfathe,Year of Wond,The Last Tim,The Lovely B,The Hot Zone,Little Altar,The Liar's C,To Kill a Mo,The Other Bo
"27",The Notebook,The Guardian,A Prayer for,Watership Do,Flowers for ,The Poisonwo,Ellen Foster,It's Not Abo,Falling Ange,Lucky : A Me
"29",Where the Re,The Killer A,Dune (Rememb,To Kill a Mo,The Guardian,Nickel and D,c("The Kitch,Lucky : A Me,c("STONES FR,Hunting Badg
"30",Beloved (Plu,c("The Kitch,A Prayer for,Harry Potter,Chicken Soup,Lamb : The G,The Saving G,c("Harry Pot,The Five Peo,Roses Are Re
"31",Girl with a ,Peace Like a,The Nanny Di,A Man Named ,Harry Potter,A Beautiful ,The Time Tra,Skeleton Cre,The Eyes of ,Seize the Ni
"32",Where the Re,The Deep End,The Prayer o,The Poisonwo,The Notebook,Suzanne's Di,c("The Rainm,Redwall (Red,Dreamcatcher,Eyes of Prey
"33",Love in the ,Lolita (Vint,The Five Peo,Jitterbug Pe,The Fellowsh,Chocolat,Silence of t,Lucky : A Me,Hannibal,I Know Why t
"34",c("All I Rea,The Deep End,The Secret L,The Prayer o,Where the Re,c("Lonesome ,The Giver (2,A Separate P,The Saving G,High Five (A
"35",The Sum of A,The Nanny Di,Reviving Oph,Lord of the ,To Kill a Mo,Saint Maybe,The Hours: A,Drowning Rut,The Pelican ,Four Blind M
"36",Barrel Fever,Secret Histo,Secret Histo,The Lost Con,Restaurant A,Bridget Jone,Notes from a,Coraline,Year of Wond,The Last Tim
"37",The Surgeon,Charlotte's ,Fortune's Ro,The Clan of ,Daughter of ,Table For Tw,Face the Fir,Snow Crash,Midnight in ,Stupid White
"38",The Thief Lo,Four Blind M,Portrait in ,Seabiscuit: ,The Fourth H,Holes (Yearl,The Claiming,Life of Pi,Bloodsucking,Lamb : The G
"39",The Sum of A,Big Stone Ga,Big Cherry H,The Hunt for,Divine Secre,The Red Tent,Outlander,Voyager,Drums of Aut,Gone for Goo
"40",The Bad Begi,The Reptile ,A Walk to Re,BAG OF BONES,Lucky,The Bell Jar,Into Thin Ai,The Stand: C,The Claiming,Saving Faith
"41",Seabiscuit: ,The Fourth H,Lucky,Sister of My,Lord of the ,Chicken Soup,The Saving G,A Time to Ki,The Summerho,What to Expe
"42",c("The Kitch,Chicken Soup,The Surgeon,The Bean Tre,The Worst-Ca,The Poisonwo,Ellen Foster,It's Not Abo,Falling Ange,Ender's Game
"43",The Promethe,Dragonfly in,Skeleton Cre,The Drawing ,The Eyes of ,Seize the Ni,The Eye of t,Eats, Shoots,Violets Are ,Four Blind M
"44",Beloved (Plu,Naked,Ender's Game,Charlotte's ,East of Eden,Fortune's Ro,Eats, Shoots,Schindler's ,The Clan of ,Skeleton Cre
"45",Midwives: A ,Three Junes,Seabiscuit: ,Point of Ori,The Pelican ,The Killer A,The Fourth H,Holes (Yearl,Lucky,The Secret L
"46",Charlotte's ,Fortune's Ro,The Clan of ,Reap the Win,The Killer A,Dune (Rememb,The Angel of,Jitterbug Pe,East of Eden,Stupid White
"47",The Hitchhik,The Bean Tre,c("The Kitch,The Surgeon,c("Harry Pot,Dragonfly in,Skeleton Cre,The Drawing ,The Eyes of ,Seize the Ni
"48",Beloved (Plu,The Thief Lo,It's Not Abo,Falling Ange,Hunting Badg,The Da Vinci,The Curious ,The Hobbit: ,Ender's Game,Schindler's 
"49",The Reptile ,A Walk to Re,BAG OF BONES,The Body Far,The Poisonwo,Ellen Foster,It's Not Abo,Falling Ange,Eats, Shoots,The Bad Begi
"50",Blood Work,c("Harry Pot,East of Eden,Naked,Plain Truth,Ellen Foster,It's Not Abo,Falling Ange,Table For Tw,Catch Me If 
"51",A Prayer for,The Princess,The Body Far,Chicken Soup,Eden Close,Sea Glass: A,The Last Tim,Snow Crash,Mama Makes U,Harry Potter
"52",ANGELA'S ASH,c("The Kitch,Chicken Soup,Where the Re,Tuesdays wit,Charlotte's ,Fortune's Ro,The Killer A,Dune (Rememb,The Saving G
"53",Skeleton Cre,The Drawing ,Seize the Ni,The Eye of t,Bridget Jone,Sisterhood o,It's Not Abo,Falling Ange,Ender's Game,Tis : A Memo
"54",Breath, Eyes,The Hot Zone,Dragonfly in,Skeleton Cre,The Drawing ,The Eyes of ,Seize the Ni,The Street L,The Summons,Contact
"55",The Bean Tre,c("The Kitch,Chicken Soup,The Surgeon,Tears of the,Ellen Foster,It's Not Abo,Falling Ange,Ender's Game,Fried Green 
"56",Timeline,Empire Falls,SEAT OF THE ,I Know This ,Black and Bl,Daddy's Litt,The Promethe,The Thief Lo,Sisterhood o,Sphere
"57",Peace Like a,Fortune's Ro,The Chamber,The Giver (2,The Chamber,A Man Named ,Harry Potter,A Beautiful ,The Time Tra,The Princess
"59",Peace Like a,East of Eden,Divine Secre,Fahrenheit 4,The Saving G,c("Harry Pot,Harry Potter,Along Came a,The General',Tuesdays wit
"60",Lamb : The G,Roses Are Re,It's Not Abo,Falling Ange,A Time to Ki,The Vampire ,Life of Pi,Snow Crash,Hunting Badg,The Da Vinci
"61",The Devil in,Neverwhere,The Hot Zone,The Princess,Shell Seeker,To the Nines,A Prayer for,Hannibal,I Know Why t,The Devil's 
"63",Skeleton Cre,The Drawing ,The Eyes of ,The Eye of t,Voyager,Drums of Aut,The Killer A,Dune (Rememb,Lamb : The G,Roses Are Re
"64",I Know This ,A Prayer for,Bridge to Te,Slaughterhou,Redwall (Red,Stranger in ,The Worst-Ca,Beach Music,Nickel and D,Monster : A 
"65",Harry Potter,Girl with a ,The Reader,Little Altar,The Liar's C,The Other Bo,Lucky Man: A,Stupid White,Lamb : The G,c("The Cat i
"66",Charlotte's ,The Clan of ,Tis : A Memo,Seven Up (A ,The Five Peo,The Liar's C,Good in Bed,Lucky Man: A,A Wrinkle in,Ender's Game
"67",The Chamber,A Man Named ,A Beautiful ,The Time Tra,Skeleton Cre,The Drawing ,The Eyes of ,The Eye of t,Outlander,Drums of Aut
"69",The Thief Lo,The Wedding,Deception Po,One Door Awa,The Purpose-,c("The Cat i,Angus, Thong,One Thousand,A Wrinkle In,The Color Pu
"70",Fortune's Ro,A Prayer for,The Princess,East of Eden,Fortune's Ro,The Five Peo,The Saving G,The Wedding,Deception Po,Coraline
"71",Skeleton Cre,The Drawing ,The Eyes of ,A Prayer for,Perfume: The,Dragonfly in,The Saving G,Eats, Shoots,Hot Six : A ,Seven Up (A 
"72",Hot Six : A ,The Wedding,Deception Po,Lightning,The Tommykno,c("The Firm",Reap the Win,The Curious ,Where the He,The Hobbit: 
"73",The Sum of A,Blood Work,The Hunt for,Eats, Shoots,Life of Pi,The Surgeon,Four Blind M,Girl with a ,c("Angela's ,Catch Me If 
"74",The Surgeon,The Deep End,Little Altar,Face the Fir,Fahrenheit 4,Snow Crash,Lightning,The Tommykno,Good in Bed,The Reader
"75",The Reptile ,A Walk to Re,Dragonfly in,Skeleton Cre,The Drawing ,The Eyes of ,Seize the Ni,The Eye of t,A Prayer for,c("Harry Pot
"76",The Reptile ,Skeleton Cre,The Drawing ,Seize the Ni,The Eye of t,BAG OF BONES,It's Not Abo,Falling Ange,A Walk to Re,To the Nines
"77",House of Lea,The Nanny Di,The Chamber,A Man Named ,A Beautiful ,The Time Tra,Charlotte's ,East of Eden,Fortune's Ro,The Clan of 
"78",The Bean Tre,Chicken Soup,East of Eden,The Nanny Di,The Chamber,The Giver (2,The Notebook,A Beautiful ,The Five Peo,The Time Tra
"79",About a Boy ,The Mulberry,Into Thin Ai,Loves Music,,When the Win,The Beach Ho,Ender's Game,Lamb : The G,The Notebook,A Walk to Re
"80",The Bad Begi,The Reptile ,A Walk to Re,BAG OF BONES,c("The Bridg,Eats, Shoots,The Wedding,Deception Po,The English ,Little Altar
"82",The Promethe,House of Lea,Atlas Shrugg,Fried Green ,Along Came a,The General',Violets Are ,The Runaway ,c("The Rainm,Reap the Win
"83",c("The Kitch,Chicken Soup,The Chamber,The Giver (2,A Man Named ,A Beautiful ,The Time Tra,A Prayer for,Evening Clas,It's Not Abo
"84",The Sum of A,The Bean Tre,c("The Kitch,The Hunt for,Harry Potter,Chicken Soup,Hot Six : A ,Seven Up (A ,The Pelican ,Dragonfly in
"85",Peace Like a,Contact,The Poisonwo,Ellen Foster,It's Not Abo,Falling Ange,Ender's Game,Eats, Shoots,The Witching,Lightning
"86",The Surgeon,c("Harry Pot,The Poisonwo,Into Thin Ai,c("Harry Pot,c("The Bridg,The Reef,Bridge to Te,The Thorn Bi,The Da Vinci
"87",East of Eden,Angela's Ash,A Prayer for,Perfume: The,The Poisonwo,The Virgin S,Dune (Rememb,Fight Club,The Purpose-,The Partner
"88",The Hot Zone,East of Eden,Fortune's Ro,To Kill a Mo,The Purpose-,Sea Swept (Q,Sanctuary,Jewels of th,The Lord of ,The Deep End
"89",The Promethe,The Hunt for,The Sum of A,Skeleton Cre,The Drawing ,The Eyes of ,Seize the Ni,The Eye of t,Charlotte's ,East of Eden
"90",The Secret L,The Nanny Di,The Chamber,A Man Named ,A Beautiful ,The Street L,The Five Peo,Charlotte's ,East of Eden,Tears of the
"91",Like Water f,Heartbreaker,The Hitchhik,The Curious ,Of Mice and ,Echoes,Shell Seeker,Seabiscuit,To Kill a Mo,Seven Up (A 
"92",The Surgeon,A Prayer for,Ender's Game,The Saving G,Face the Fir,Snow Crash,Lightning,The Tommykno,The Grapes o,Stupid White
"93",Peace Like a,The Nanny Di,A Man Named ,A Beautiful ,The Other Bo,The Time Tra,Plain Truth,A Prayer for,c("Harry Pot,Fahrenheit 4
"94",The Little P,Big Stone Ga,Holes (Yearl,Sanctuary,Lolita (Vint,Love in the ,Jitterbug Pe,The Fellowsh,Cruel &amp; ,Middlesex: A
"95",Plum Island,Sanctuary,Angela's Ash,East of Eden,One Flew Ove,The Poisonwo,The Poisonwo,Charlotte's ,Fortune's Ro,The Killer A
"96",The Color Pu,She's Come U,Eyes of the ,1984,Animal Farm,A Wizard of ,c("The Profe,Hunting Badg,Word Freak: ,I Know This 
"98",Atlas Shrugg,The Nanny Di,A Man Named ,A Beautiful ,The Time Tra,Dragonfly in,Skeleton Cre,The Eyes of ,Seize the Ni,A Prayer for
"99",East of Eden,Seabiscuit: ,c("The Lost ,Angela's Ash,The Hot Zone,The Fourth H,Holes (Yearl,Hunting Badg,Three Junes,One Hundred 
"100",Harry Potter,The Nanny Di,The Chamber,The Giver (2,The Chamber,The Notebook,A Man Named ,A Beautiful ,The Other Bo,The Time Tra
"101",The Bean Tre,c("The Kitch,The Surgeon,c("Harry Pot,The Drawing ,The Eyes of ,Seize the Ni,The Eye of t,Lamb : The G,Sister of My
"102",The Great Ga,Watership Do,The Angel of,Wicked: The ,Lamb : The G,Roses Are Re,Tis : A Memo,Of Mice and ,One for the ,Bridget Jone
"103",House of Lea,Lullaby: A N,The Nanny Di,The Chamber,The Giver (2,A Man Named ,The Time Tra,The Saving G,c("Harry Pot,Word Freak: 
"104",Atlas Shrugg,Beloved (Plu,Skeleton Cre,Seize the Ni,The Eye of t,The Street L,Dragonfly in,The Poisonwo,Ellen Foster,It's Not Abo
"105",One for the ,Harry Potter,Plain Truth,The Body Far,Reap the Win,Jackdaws,A Wrinkle in,Ender's Game,A Tree Grows,Of Mice and 
"106",The Princess,The Golden C,c("The Kitch,c("The Hundr,Skeleton Cre,The Drawing ,The Eyes of ,The Eye of t,Love in the ,Lolita (Vint
"107",A Prayer for,The Poisonwo,ANGELA'S ASH,The Godfathe,Fahrenheit 4,Peace Like a,Bastard Out ,Prodigal Sum,The Alchemis,Me Talk Pret
"110",The Thief Lo,The Poisonwo,The Color of,The Princess,The Bridge A,The Gunsling,Possession :,It Was on Fi,The Stand: C,To Kill a Mo
"111",Seabiscuit: ,Lolita (Vint,Where the Re,The Deep End,The Secret L,The Prayer o,One for the ,Ender's Game,The Fourth H,Holes (Yearl
"113",Skeleton Cre,The Drawing ,Charlotte's ,Fortune's Ro,The Clan of ,Perfume: The,Outlander,Drums of Aut,East of Eden,Voyager
"114",The Golden C,The English ,Fortune's Ro,The Chamber,The Giver (2,Harry Potter,A Beautiful ,The Other Bo,The Five Peo,The Time Tra
"115",Icy Sparks,Girl With a ,Pope Joan (B,The Secret L,Lamb : The G,Sister of My,It's Not Abo,Falling Ange,The Giver (2,Gone with th
"116",Stupid White,Sister of My,Roses Are Re,Lamb : The G,One Hundred ,Cold Sassy T,Ella Minnow ,Under the Tu,Eats, Shoots,Harry Potter
"117",The Horse Wh,c("The Hundr,Dragonfly in,Skeleton Cre,The Drawing ,The Eyes of ,Illusions: T,Scarlet Feat,The Vampire ,The Virgin B
"118",The Tao of P,Atlas Shrugg,Animal Farm,The Color Pu,Who Moved My,Dance upon t,c("All I Rea,The Rescue,One Flew Ove,c("The Profe
"119",House of Lea,The Princess,c("The Hundr,A Prayer for,The Thief Lo,Perfume: The,The Poisonwo,Ellen Foster,It's Not Abo,Falling Ange
"120",The Sparrow,She's Come U,Year of Wond,c("Atonement,Fahrenheit 4,Eyes of Prey,Jitterbug Pe,Schindler's ,Life of Pi,The Saving G
"121",c("The Kitch,Dragonfly in,Skeleton Cre,The Drawing ,The Eyes of ,Seize the Ni,The Street L,Contact,A Prayer for,The Saving G
"122",The Reptile ,BAG OF BONES,A Prayer for,c("The Bridg,A Walk to Re,The Guardian,Ellen Foster,It's Not Abo,Schindler's ,Eats, Shoots
"123",c("The Kitch,The Nanny Di,A Man Named ,A Beautiful ,The Five Peo,The Time Tra,A Prayer for,c("Harry Pot,Charlotte's ,Fortune's Ro
"125",The Eight,Gone with th,Lucky,Neverwhere,The Hot Zone,A Widow for ,House of San,Girl With a ,Corelli's Ma,Guilty Pleas
"126",The Nanny Di,The Chamber,The Chamber,The Notebook,A Man Named ,A Beautiful ,The Five Peo,Naked,Harry Potter,The Princess
"127",Where the Re,Charlotte's ,East of Eden,Fortune's Ro,Nickel and D,The Clan of ,Envy,To Kill a Mo,The Purpose-,One Door Awa
"128",The Gunsling,Point of Ori,The Killer A,The Bean Tre,She's Come U,Love in the ,Lolita (Vint,A Prayer for,Harry Potter,Good Omens
"129",Blood Work,The Secret L,The Nanny Di,The Chamber,The Giver (2,A Man Named ,The Other Bo,The Time Tra,The Notebook,Charlotte's 
"130",The Nanny Di,The Chamber,The Giver (2,A Man Named ,A Beautiful ,The Time Tra,Charlotte's ,East of Eden,Fortune's Ro,Tears of the
"131",Seabiscuit: ,Black and Bl,The Curious ,c("Harry Pot,The Fourth H,Holes (Yearl,Lucky,Hunting Badg,Cold Sassy T,Ella Minnow 
"132",The Nanny Di,Breath, Eyes,c("The Hundr,Quentins,Skipping Chr,The Claiming,The Servants,Galileo's Da,A Confederac,Lucky
"133",Skeleton Cre,The Drawing ,The Eyes of ,Seize the Ni,The Eye of t,One for the ,Lamb : The G,Sister of My,Roses Are Re,c("Lonesome 
"134",The Sum of A,The Bad Begi,The Reptile ,A Walk to Re,The Princess,The Golden C,c("The Kitch,A Prayer for,Harry Potter,Love in the 
"135",Eats, Shoots,Neverwhere,Love in the ,Lolita (Vint,The Body Far,Lamb : The G,Sister of My,Roses Are Re,c("Lonesome ,The Poisonwo
"136",The Little P,The Gunsling,Where the Re,The Deep End,The Prayer o,Outlander,Voyager,Drums of Aut,The Prince o,Tuesdays wit
"138",She's Come U,Tuesdays wit,c("Harry Pot,ANGELA'S ASH,Harry Potter,The Two Dead,On Writing,The Gunsling,Angels &amp;,I Know This 
"139",The Color Pu,The Hot Zone,The Thief Lo,Along Came a,The Guardian,A Bend in th,1984,To Kill a Mo,A Time to Ki,Lamb : The G
"140",c("One True ,The Return o,A Prayer for,I Know This ,The Big Bad ,Hannibal,The Mammoth ,The Plains o,The Time Tra,The Amazing 
"141",The Runaway ,The Gunsling,Harry Potter,Quentins,The Drawing ,The Eyes of ,Seize the Ni,The Eye of t,c("Lonesome ,c("All I Rea
"142",The Reptile ,BAG OF BONES,The Promethe,The Secret L,The Nanny Di,The Chamber,The Giver (2,A Man Named ,A Beautiful ,The Other Bo
"143",Peace Like a,The Surgeon,Girl with a ,Eats, Shoots,Face the Fir,The Witching,Lightning,The Tommykno,Stupid White,The Tao of P
"144",Girl with a ,Peace Like a,The Gunsling,The Princess,The Golden C,c("The Kitch,c("The Hundr,The Nanny Di,The Chamber,The Giver (2
"145",The Rapture ,The God of S,Song of Solo,Of Mice and ,Feast of All,Who Moved My,BAG OF BONES,The Five Peo,What Dreams ,c("The Death
"146",A Time to Ki,c("The Rainm,Redwall (Red,Dreamcatcher,Lamb : The G,Cold Sassy T,Ella Minnow ,Memoirs of a,One Hundred ,The Princess
"147",The Reptile ,BAG OF BONES,The Gunsling,The Chamber,The Giver (2,A Beautiful ,The Other Bo,The Time Tra,Love in the ,c("Harry Pot
"148",Peace Like a,The Promethe,Lullaby: A N,Life of Pi,Perfume: The,Fahrenheit 4,Violets Are ,Four Blind M,Tribulation ,Chicken Soup
"149",c("The Hundr,The Body Far,Perfume: The,Secret Histo,Bastard Out ,A Year in Pr,What We Keep,The Curious ,Lies and the,Divine Secre
"150",The Bad Begi,The Reptile ,BAG OF BONES,The Street L,The Summons,All Quiet on,c("The Bridg,Jurassic Par,The Wedding,Contact
"151",The Reptile ,A Walk to Re,BAG OF BONES,House of Lea,The Catcher ,c("The Bridg,Roses Are Re,Hard Eight :,Silence of t,Lucky : A Me
"152",Harry Potter,The Giver (2,A Man Named ,A Beautiful ,The Time Tra,The Body Far,The Deep End,Wicked: The ,Sister of My,Roses Are Re
"153",Skeleton Cre,The Drawing ,The Eyes of ,Seize the Ni,The Guardian,The Notebook,Dragonfly in,Wicked: The ,Lamb : The G,The Five Peo
"154",The Reader,The Nanny Di,The Chamber,The Giver (2,The Notebook,A Man Named ,A Beautiful ,The Time Tra,Dragonfly in,Skeleton Cre
"155",The Body Far,Sisterhood o,The Saving G,c("Harry Pot,A Time to Ki,Eden Close,Sea Glass: A,The Last Tim,Snow Crash,c("The Death
"156",c("The Kitch,c("The Hundr,Love in the ,Lolita (Vint,Empire Falls,Word Freak: ,The Crimson ,Tis : A Memo,Skeleton Cre,Schindler's 
"157",The Bad Begi,The Reptile ,The Nanny Di,Breath, Eyes,Lolita (Vint,The Servants,Bag of Bones,Mama Makes U,Secret Histo,A Year in Pr
"158",A Painted Ho,The Golden C,c("The Hundr,Quentins,The No. 1 La,c("The Kitch,Lucky : A Me,Pope Joan (B,The Honk and,The Princess
"159",A Prayer for,Harry Potter,c("Lonesome ,Ellen Foster,It's Not Abo,Falling Ange,A Time to Ki,Ender's Game,The Bean Tre,The Runaway 
"160",c("The Lost ,The Hobbit :,Love in the ,Lolita (Vint,Reap the Win,Daughter of ,The Pilot's ,The Witching,c("The Death,The Samurai'
"161",Harry Potter,The Drawing ,The Eyes of ,Skeleton Cre,Hunting Badg,Snow Crash,Chocolat,Hard Eight :,To the Nines,A Prayer for
"162",Peace Like a,The Guardian,The Clan of ,Fahrenheit 4,Eden Close,Sea Glass: A,The Last Tim,The General',Hot Six : A ,Seven Up (A 
"163",Lolita (Vint,c("Interpret,Fortune's Ro,The Clan of ,A Game of Th,Charlotte's ,The Handmaid,Griffin &amp,Suzanne's Di,A Prayer for
"164",The Bad Begi,A Walk to Re,BAG OF BONES,Where the Re,c("STONES FR,Quentins,Contact,c("Lonesome ,Lucky : A Me,Eats, Shoots
"165",The Nanny Di,Breath, Eyes,It Was on Fi,c("Harry Pot,A Prayer for,c("Harry Pot,The Servants,A Wrinkle in,A Wizard of ,The Da Vinci
"166",Life of Pi,Perfume: The,Angels &amp;,Fahrenheit 4,Good Omens,Empire Falls,Watership Do,Lolita (Vint,Possession :,The Things T
"167",Atlas Shrugg,Seabiscuit: ,House of Lea,The Drawing ,The Eyes of ,The Fourth H,Holes (Yearl,Lucky,Bridget Jone,Griffin &amp
"168",The Reptile ,BAG OF BONES,The Chamber,A Man Named ,Harry Potter,A Beautiful ,The Time Tra,The Clan of ,Lamb : The G,Roses Are Re
"169",Eats, Shoots,A Time to Ki,Man and Boy:,Ender's Game,Notes from a,Hot Six : A ,Dr. Death (A,Cruel &amp; ,The Forgotte,The Body Far
"170",The Nanny Di,The Chamber,The Giver (2,A Man Named ,A Beautiful ,The Time Tra,The Deep End,Ender's Game,Eats, Shoots,Hunting Badg
"171",Girl with a ,The English ,Lolita (Vint,Quentins,East of Eden,The Purpose-,One Door Awa,Without Remo,Seize the Ni,A Game of Th
"172",The Princess,East of Eden,Fortune's Ro,Seabiscuit: ,The Fourth H,Holes (Yearl,Lucky,The Notebook,The Guardian,c("Lonesome 
"173",The Poisonwo,The Color of,The Princess,The Bridge A,The Gunsling,Possession :,It Was on Fi,The Stand: C,c("Harry Pot,To Kill a Mo
"174",The Bad Begi,The Reptile ,Guns, Germs,,She's Come U,Harry Potter,BAG OF BONES,The Mummy or,Redwall (Red,Dreamcatcher,The Catcher 
"175",Where the Re,The Deep End,The Secret L,The Prayer o,The Hot Zone,Lies and the,Animal Farm,The Color Pu,The Book of ,Griffin &amp
"176",The Devil in,Eats, Shoots,Bridget Jone,Life of Pi,Word Freak: ,1984,c("Interpret,Fahrenheit 4,Snow Crash,Hunting Badg
"177",Tears of the,Lightning,The Tommykno,Seven Up (A ,The Samurai',To the Nines,The Amazing ,One for the ,c("Balzac an,Waiting (Vin
"178",Atlas Shrugg,House of Lea,Love in the ,Lolita (Vint,The Princess,Shell Seeker,The Saving G,A Time to Ki,Eats, Shoots,The Crimson 
"179",c("One True ,Watership Do,Flowers for ,Sister of My,Suzanne's Di,Mutant Messa,c("STONES FR,The Subtle K,The Hot Zone,The Da Vinci
"180",The Nanny Di,Breath, Eyes,The Princess,c("The Hundr,Bag of Bones,c("The Death,Bel Canto: A,Wicked: The ,The Samurai',The Amazing 
"181",Atlas Shrugg,c("The Kitch,Plain Truth,A Prayer for,The Bean Tre,The Saving G,Fried Green ,The General',In Her Shoes,Chicken Soup
"182",The Bean Tre,The Surgeon,Neverwhere,The Hot Zone,The Hobbit :,Dragonfly in,Skeleton Cre,The Eyes of ,Seize the Ni,The Eye of t
"183",The Secret L,One Hundred ,Ella Minnow ,To Kill a Mo,Where the Re,Pope Joan (B,Lamb : The G,Middlesex: A,The Hobbit :,The Princess
"184",The Bell Jar,The Stand: C,Lullaby: A N,Griffin &amp,The Golden C,c("Harry Pot,The Orchid T,The Cider Ho,One Hundred ,Lamb : The G
"185",The Sum of A,The Hunt for,Plain Truth,The Summons,Reap the Win,Ellen Foster,It's Not Abo,Ender's Game,A Time to Ki,One Hundred 
"186",A Prayer for,Neverwhere,All Quiet on,To Kill a Mo,Tuesdays wit,The Saving G,The Gunsling,A Separate P,The Purpose-,The Hobbit :
"187",Blood Work,The Sparrow,Life of Pi,Skeleton Cre,The Drawing ,The Eyes of ,Seize the Ni,The Surgeon,Catch Me If ,Hunting Badg
"188",The Bad Begi,BAG OF BONES,Neverwhere,The Hobbit :,The Catcher ,The Hot Zone,1984,Mama Makes U,The Ugly Duc,The Search
"189",c("Lonesome ,It's Not Abo,Ender's Game,The Pilot's ,Skeleton Cre,The Purpose-,The Hobbit :,Sea Swept (Q,Sanctuary,Jewels of th
"190",The Clan of ,The Chamber,A Man Named ,Harry Potter,A Beautiful ,The Other Bo,The Time Tra,The Five Peo,Bridget Jone,Sisterhood o
"191",Naked,Reap the Win,Cruel &amp; ,The Purpose-,The Hobbit :,Sea Swept (Q,Sanctuary,Jewels of th,Heart of the,The Lord of 
"192",Shopaholic T,A Painted Ho,Jemima J: A ,I Know This ,Dragonfly in,Seize the Ni,The Eye of t,The Deep End,It's Not Abo,Falling Ange
"193",House of Lea,Skeleton Cre,The Drawing ,The Eyes of ,Seize the Ni,The Eye of t,Icy Sparks,Girl With a ,The Princess,Where the Re
"194",Atlas Shrugg,Girl with a ,Peace Like a,The Return o,House of Lea,Lullaby: A N,The Nanny Di,A Man Named ,Harry Potter,A Beautiful 
"195",c("Harry Pot,Perfume: The,Eats, Shoots,Table For Tw,Face the Fir,Harry Potter,Angels &amp;,Chosen Prey,The Smoke Ju,Long After M
"196",The Sum of A,To Kill a Mo,Where the Re,The Hunt for,Holes (Yearl,Plum Island,East of Eden,Sanctuary,The Killer A,Dune (Rememb
"197",Atlas Shrugg,The Nanny Di,Breath, Eyes,East of Eden,Girl with a ,Angela's Ash,House of Lea,The Cider Ho,The Servants,Dune (Rememb
"198",A Prayer for,Evening Clas,Plainsong (V,Eyes of Prey,The Darwin A,The Bad Begi,Of Mice and ,The Red Tent,Nine Stories,The Bonfire 
"199",The Bean Tre,c("The Kitch,c("The Lost ,Chicken Soup,The Fellowsh,The Two Towe,The Return o,The Two Dead,On Writing,One Hundred 
"200",The Bean Tre,c("The Kitch,The Surgeon,A Prayer for,Harry Potter,The Godfathe,The Notebook,The Guardian,Ellen Foster,It's Not Abo
"201",Plain Truth,Angels &amp;,Chocolat,Hard Eight :,Silence of t,Hannibal,I Know Why t,The Devil's ,To the Nines,Schindler's 
"202",Charlotte's ,East of Eden,Fortune's Ro,The Clan of ,Perfume: The,Lamb : The G,Roses Are Re,c("All I Rea,The Saving G,Hot Six : A 
"203",The Correcti,Hot Six : A ,Seven Up (A ,The Wedding,Seabiscuit: ,Deception Po,Tuesdays wit,Lightning,The Tommykno,c("The Firm"
"204",The Surgeon,East of Eden,House of Lea,The Notebook,The Guardian,The Notebook,Hunting Badg,The Saving G,The Five Peo,Tis : A Memo
"205",Ellen Foster,It's Not Abo,Falling Ange,The King of ,Envy,Cradle and A,Watchers,A Wrinkle in,The Little P,The Princess
"206",The Golden C,c("The Hundr,A Wrinkle In,The Princess,The Five Peo,The Angel of,c("Lonesome ,Fahrenheit 4,Schindler's ,c("The Perfe
"207",Seabiscuit: ,Deja Dead,The Princess,The Golden C,c("The Kitch,c("The Hundr,Griffin &amp,The Angel of,Restaurant A,Bridget Jone
"208",Dragonfly in,Skeleton Cre,Seize the Ni,The Eye of t,Bridge to Te,Darwin's Rad,Of Mice and ,The Grapes o,To Kill a Mo,The Drawing 
"209",I Know This ,Harry Potter,A Widow for ,Girl With a ,Corelli's Ma,The Color of,All Quiet on,The Five Peo,Pope Joan (B,The Secret L
"210",Atlas Shrugg,Chicken Soup,House of Lea,A Prayer for,The Saving G,The Five Peo,Hot Six : A ,Alias Grace ,The Remains ,Postmortem
"211",Atlas Shrugg,Peace Like a,A Prayer for,House of Lea,Fahrenheit 4,Girl with a ,Hot Six : A ,Lightning,The Tommykno,The Liar's C
"212",Three Junes,Seabiscuit: ,The Gunsling,Neverwhere,Love in the ,Lolita (Vint,The Fourth H,Holes (Yearl,Lucky,Redwall (Red
"213",The Golden C,c("The Kitch,c("The Hundr,The Chamber,The Chamber,A Man Named ,A Beautiful ,The Time Tra,Empire Falls,The Street L
"214",The Bad Begi,The Reptile ,BAG OF BONES,Fortune's Ro,The Chamber,The Giver (2,A Man Named ,A Beautiful ,The Time Tra,Ellen Foster
"215",Atlas Shrugg,The Saving G,Eats, Shoots,Chicken Soup,Bel Canto: A,The Purpose-,One Door Awa,Secret Histo,A Year in Pr,The Curious 
"216",Atlas Shrugg,The Bad Begi,The Reptile ,BAG OF BONES,House of Lea,The Princess,Perfume: The,A Walk to Re,Schindler's ,c("Harry Pot
"217",The Thief Lo,Harry Potter,Things Fall ,Ishmael: An ,House of San,Like Water f,The Secret L,c("The Stone,The Princess,Rising Sun
"218",Their Eyes W,The Poisonwo,ANGELA'S ASH,Harry Potter,c("Harry Pot,The Body Far,Daughter of ,The Killer A,Dune (Rememb,It's Not Abo
"219",c("The Kitch,Chicken Soup,Breath, Eyes,The Princess,Charlotte's ,Fortune's Ro,The Clan of ,All Quiet on,The Servants,Bag of Bones
"220",Atlas Shrugg,House of Lea,Reap the Win,Ellen Foster,It's Not Abo,Ender's Game,Fahrenheit 4,Presumed Inn,Where the Re,The Grapes o
"221",One for the ,c("Harry Pot,Perfume: The,c("Interpret,The Purpose-,One Door Awa,The Reader,c("The Perfe,The Liar's C,Lucky Man: A
"222",c("The Kitch,The Chamber,A Man Named ,A Beautiful ,The Other Bo,The Time Tra,Charlotte's ,East of Eden,Fortune's Ro,The Thief Lo
"223",The Promethe,Violets Are ,c("The Rainm,Reap the Win,The Hot Zone,The Hours : ,I Know This ,Siddhartha,The Bell Jar,The Little P
"224",c("The Lost ,Skeleton Cre,The Eyes of ,Seize the Ni,The Eye of t,The Clan of ,Eats, Shoots,Eden Close,Sea Glass: A,c("The Bridg
"225",Skeleton Cre,The Drawing ,The Eyes of ,Seize the Ni,The Eye of t,Of Mice and ,The Saving G,c("Harry Pot,A Time to Ki,The Five Peo
"226",The Bean Tre,c("The Kitch,The Surgeon,c("Harry Pot,The Hobbit :,Dragonfly in,The Drawing ,The Eyes of ,Seize the Ni,The Eye of t
"227",The Princess,c("The Hundr,Lullaby: A N,Lamb : The G,Sister of My,Roses Are Re,A Time to Ki,The Purpose-,The Hobbit :,Sea Swept (Q
"228",The Hitchhik,Harry Potter,A Prayer for,To the Nines,Silence of t,Hannibal,Red Dragon,I Know Why t,The Devil's ,c("All I Rea
"229",Lies and the,Wish You Wel,The Little P,The Giver (2,The Rapture ,A Tree Grows,c("Interpret,The God of S,Song of Solo,Of Mice and 
"230",The Sisterho,Shell Seeker,The Angel of,Lightning,The Tommykno,Into the Wil,Outlander,Tuesdays wit,Contact,A Tree Grows
"231",The Bad Begi,The Reptile ,A Walk to Re,The Sweet Po,Lucky,The Hobbit :,The Two Towe,The Return o,Good Omens,The Fellowsh
"232",c("The Kitch,c("The Hundr,A Prayer for,Neverwhere,Hunting Badg,Watership Do,The Phantom ,The Alchemis,Me Talk Pret,The Angel of
"233",The Bad Begi,The Reptile ,One for the ,Guns, Germs,,Harry Potter,BAG OF BONES,The Catcher ,The Saving G,The Pilot's ,A Walk to Re
"234",c("The Lost ,Ender's Game,The King of ,Envy,Skeleton Cre,The Hot Zone,Me Talk Pret,Of Mice and ,Nine Stories,The Horse Wh
"235",The Princess,The Golden C,c("The Hundr,The Chamber,The Giver (2,The Chamber,The Notebook,A Man Named ,A Beautiful ,The Other Bo
"236",Blood Work,The Bean Tre,c("The Kitch,Chicken Soup,The Surgeon,The Wedding,Deception Po,Tribulation ,One Door Awa,Lightning
"237",The Princess,The Guardian,The Notebook,The Saving G,The Five Peo,Hot Six : A ,Seven Up (A ,Harry Potter,Secret Histo,A Year in Pr
"238",Dragonfly in,Skeleton Cre,The Eyes of ,Seize the Ni,The Eye of t,The Notebook,The Guardian,The Deep End,Fahrenheit 4,Snow Crash
"241",The Surgeon,The Hours : ,Face the Fir,Lightning,The Tommykno,The Bad Begi,Nine Stories,The Bonfire ,BAG OF BONES,Fahrenheit 4
"242",The Devil in,House of Lea,The Poisonwo,The Virgin S,Mr. Maybe,The God of S,Song of Solo,Plainsong (V,Eyes of Prey,Me Talk Pret
"243",The Bad Begi,The Reptile ,A Walk to Re,The Nanny Di,The Chamber,The Giver (2,Harry Potter,A Beautiful ,The Other Bo,The Five Peo
"244",c("The Kitch,The Princess,Charlotte's ,East of Eden,The Clan of ,Ender's Game,Perfume: The,The Guardian,The Notebook,Ellen Foster
"245",Atlas Shrugg,Beloved (Plu,Peace Like a,House of Lea,Girl with a ,Little Altar,The Guardian,The Notebook,Divine Secre,The Secret L
"246",The Chamber,The Giver (2,The Other Bo,The Time Tra,Dragonfly in,The Drawing ,Seize the Ni,Love in the ,c("Interpret,Skeleton Cre
"248",Beloved (Plu,The Princess,The Golden C,c("The Kitch,c("The Hundr,The Chamber,The Chamber,The Notebook,A Man Named ,A Beautiful 
"249",The Bad Begi,The Reptile ,A Walk to Re,BAG OF BONES,The Runaway ,The Gunsling,Dragonfly in,Skeleton Cre,The Drawing ,The Eyes of 
"250",Tuesdays wit,The Catcher ,The Client,Saving Faith,Seabiscuit: ,The Purpose-,The Partner,Message in a,Sea Swept (Q,Sanctuary
"252",c("The Kitch,The Notebook,One Door Awa,Pay It Forwa,Chicken Soup,Fortune's Ro,The Clan of ,One Hundred ,Cold Sassy T,Under the Tu
"253",The Golden C,c("The Kitch,The Princess,Einstein's D,The Deep End,The Talisman,Harry Potter,Bridget Jone,Mr. Perfect,Wizard's Fir
"255",Atlas Shrugg,The Reptile ,BAG OF BONES,House of Lea,Charlotte's ,East of Eden,The Clan of ,A Walk to Re,The Guardian,Hot Six : A 
"256",The Bad Begi,The Reptile ,A Walk to Re,The Surgeon,BAG OF BONES,c("The Bridg,Perfume: The,Hot Six : A ,Table For Tw,The Da Vinci
"257",Peace Like a,The Runaway ,The Gunsling,Love in the ,Jonathan Liv,Einstein's D,Daughter of ,Midnight in ,The Guardian,Tuesdays wit
"258",The Street L,Ender's Game,Coraline,Contact,The Saving G,Tuesdays wit,To the Nines,Seven Up (A ,Lucky : A Me,A Prayer for
"259",Blood Work,The Bean Tre,Chicken Soup,Harry Potter,Evening Clas,Chocolat,Hard Eight :,To the Nines,Seven Up (A ,A Prayer for
"260",c("The Lost ,The Surgeon,Girl with a ,Harry Potter,The Body Far,A Prayer for,The Saving G,A Time to Ki,To the Nines,Silence of t
"261",The Sum of A,The Hunt for,Charlotte's ,Fortune's Ro,The Secret L,Eats, Shoots,Life of Pi,Along Came a,The General',In Her Shoes
"262",The Chamber,The Notebook,A Man Named ,A Beautiful ,The Other Bo,The Time Tra,A Prayer for,Little Altar,Sisterhood o,Lamb : The G
"263",Atlas Shrugg,House of Lea,Reap the Win,The Guardian,Jitterbug Pe,The Saving G,Hemlock Bay,The Secret L,Eden Close,Sea Glass: A
"264",The Bean Tre,East of Eden,The English ,House of Lea,The Nanny Di,The Chamber,A Man Named ,A Beautiful ,The Other Bo,The Time Tra
"265",Flowers In T,A Walk to Re,Charlotte's ,The Laughing,Dune (Rememb,The Hobbit :,1st to Die: ,One Flew Ove,Jane Eyre (B,Mr. Perfect
"267",Atlas Shrugg,House of Lea,The Nanny Di,The Chamber,The Giver (2,The Chamber,A Man Named ,A Beautiful ,The Other Bo,The Time Tra
"269",East of Eden,Empire Falls,SEAT OF THE ,The Bell Jar,The Stand: C,Four Blind M,Portrait in ,Seabiscuit,Fahrenheit 4,Jitterbug Pe
"270",A Wrinkle in,A Case of Ne,I Know This ,The Secret L,Black and Bl,Daddy's Litt,The Promethe,Jonathan Liv,Einstein's D,Four Blind M
"271",The Reptile ,A Walk to Re,BAG OF BONES,Fortune's Ro,The Clan of ,Plain Truth,White Teeth:,Gone with th,Where the Re,A Separate P
"272",Breath, Eyes,The Chamber,A Beautiful ,The Time Tra,Skeleton Cre,The Drawing ,The Eyes of ,Seize the Ni,Ender's Game,Bag of Bones
"273",The Bad Begi,The Reptile ,A Walk to Re,BAG OF BONES,Little Altar,Sisterhood o,c("Lonesome ,The Hours : ,The Five Peo,Presumed Inn
"274",Atlas Shrugg,House of Lea,The Chamber,The Other Bo,The Time Tra,East of Eden,Dragonfly in,Skeleton Cre,The Drawing ,Seize the Ni
"275",Lucky : A Me,To Kill a Mo,Where the Re,Gone for Goo,Middlesex: A,The Book of ,The Princess,The Bridge A,Possession :,It Was on Fi
"276",The Bad Begi,The Reptile ,A Walk to Re,BAG OF BONES,Lullaby: A N,Dragonfly in,Skeleton Cre,The Drawing ,The Eyes of ,Seize the Ni
"277",Peace Like a,The Surgeon,The Saving G,Tuesdays wit,The Five Peo,Along Came a,The General',In Her Shoes,Table For Tw,Skeleton Cre
"278",Tuesdays wit,Where the Re,White Teeth:,I Know This ,Along Came a,The Guardian,The Notebook,A Walk to Re,The Rescue,A Bend in th
